{
	"Time": [
1.38,1.405,1.43,1.455,1.48,1.505,1.53,1.555,1.58,1.605,1.63,1.655,1.68,1.705,1.73,1.755,1.78,1.805,1.83,1.855,1.88,1.905,1.93,1.955,1.98,2.005,2.03,2.055,2.08,2.105,2.13,2.155,2.18,2.205,2.23,2.255,2.28,2.305,2.33,2.355,2.38,2.405,2.43,2.455,2.48,2.505,2.53,2.555,2.58,2.605,2.63,2.655,2.68,2.705,2.73,2.755,2.78,2.805,2.83,2.855,2.88,2.905,2.93,2.955,2.98,3.005,3.03,3.055,3.08,3.105,3.13,3.155,3.18,3.205,3.23,3.255,3.28,3.305,3.33,3.355,3.38,3.405,3.43,3.455,3.48,3.505,3.53,3.555,3.58,3.605,3.63,3.655,3.68,3.705,3.73,3.755,3.78,3.805,3.83,3.855,3.88,3.905,3.93,3.955,3.98,4.005,4.03,4.055,4.08,4.105,4.13,4.155,4.18,4.205,4.23,4.255,4.28,4.305,4.33,4.355,4.38,4.405,4.43,4.455,4.48,4.505,4.53,4.555,4.58,4.605,4.63,4.655,4.68,4.705,4.73,4.755,4.78,4.805,4.83,4.855,4.88,4.905,4.93,4.955,4.98,5.005,5.03,5.055,5.08,5.105,5.13,5.155,5.18,5.205,5.23,5.255,5.28,5.305,5.33,5.355,5.38,5.405,5.43,5.455,5.48,5.505,5.53,5.555,5.58,5.605,5.63,5.655,5.68,5.705,5.73,5.755,5.78,5.805,5.83,5.855,5.88,5.905,5.93,5.955,5.98,6.005,6.03,6.055,6.08,6.105,6.13,6.155,6.18,6.205,6.23,6.255,6.28,6.305,6.33,6.355,6.38,6.405,6.43,6.455,6.48,6.505,6.53,6.555,6.58,6.605,6.63,6.655,6.68,6.705,6.73,6.755,6.78,6.805,6.83,6.855,6.88,6.905,6.93,6.955,6.98,7.005,7.03,7.055,7.08,7.105,7.13]
,
"X": [
507.36624
,
507.1906533
,
507.0187467
,
506.8504933
,
506.68592
,
506.5250133
,
506.3677733
,
506.2142133
,
506.06432
,
505.9180933
,
505.7755467
,
505.6366667
,
505.5014533
,
505.3699067
,
505.24204
,
505.1178267
,
504.9973067
,
504.88044
,
504.7672533
,
504.6577333
,
504.55188
,
504.4497067
,
504.3511867
,
504.2563467
,
504.1651867
,
504.07768
,
503.9938533
,
503.9137067
,
503.8372133
,
503.7644
,
503.6952533
,
503.6297733
,
503.5679733
,
503.5098267
,
503.45536
,
503.4045733
,
503.35744
,
503.3139867
,
503.2742133
,
503.2380933
,
503.2056533
,
503.17688
,
503.1517733
,
503.1303467
,
503.1125867
,
503.0984933
,
503.0880667
,
503.08132
,
503.07824
,
503.0788267
,
503.0830933
,
503.0910133
,
503.1026133
,
503.1178933
,
503.1368267
,
503.15944
,
503.18572
,
503.21568
,
503.2492933
,
503.2865867
,
503.32756
,
503.3721867
,
503.4204933
,
503.4724667
,
503.5281067
,
503.5874267
,
503.6504133
,
503.7170667
,
503.7874
,
503.8613867
,
503.9390533
,
504.0204
,
504.1054
,
504.19408
,
504.2864267
,
504.38244
,
504.4821333
,
504.5854933
,
504.69252
,
504.8032267
,
504.9176
,
505.03564
,
505.1573467
,
505.28272
,
505.4117733
,
505.5444933
,
505.6808933
,
505.82096
,
505.9646933
,
506.1120933
,
506.26316
,
506.4179067
,
506.57632
,
506.7384
,
506.90416
,
507.0735867
,
507.24668
,
507.4234533
,
507.60388
,
507.7879867
,
507.9757733
,
508.1672133
,
508.3623333
,
508.56112
,
508.7635733
,
508.9697067
,
509.1795067
,
509.3929733
,
509.6101067
,
509.83092
,
510.0554
,
510.28356
,
510.5153733
,
510.7508667
,
510.9900267
,
511.2328533
,
511.47936
,
511.7295333
,
511.9833733
,
512.2408933
,
512.5020667
,
512.7669333
,
513.0354533
,
513.30764
,
513.5835067
,
513.86304
,
514.1462533
,
514.43312
,
514.7236667
,
515.01788
,
515.3157733
,
515.6173333
,
515.92256
,
516.2314533
,
516.5440267
,
516.8602667
,
517.1801733
,
517.5037467
,
517.831
,
518.16192
,
518.4965067
,
518.8347733
,
519.1767067
,
519.5222933
,
519.8715733
,
520.2245067
,
520.5811333
,
520.9414133
,
521.30536
,
521.6729867
,
522.04428
,
522.41924
,
522.79788
,
523.1801733
,
523.56616
,
523.9558
,
524.34912
,
524.7461067
,
525.14676
,
525.55108
,
525.95908
,
526.3707467
,
526.78608
,
527.2050933
,
527.6277733
,
528.05412
,
528.4841467
,
528.9178267
,
529.3551867
,
529.7962133
,
530.24092
,
530.68928
,
531.1413333
,
531.59704
,
532.0564267
,
532.51948
,
532.9862
,
533.4565867
,
533.93064
,
534.4083867
,
534.8897867
,
535.3748667
,
535.8636
,
536.3560133
,
536.8521067
,
537.3518667
,
537.8552933
,
538.3623733
,
538.8731467
,
539.3875867
,
539.9056933
,
540.4274667
,
540.95292
,
541.4820267
,
542.0148267
,
542.55128
,
543.0914
,
543.6352
,
544.1826667
,
544.7338133
,
545.2886267
,
545.8471067
,
546.4092533
,
546.97508
,
547.5445733
,
548.1177333
,
548.6945733
,
549.2750667
,
549.85924
,
550.44708
,
551.0386
,
551.6337867
,
552.23264
,
552.83516
,
553.44136
,
554.0512267
,
554.6647467
,
555.28196
,
555.90284
,
556.5273733
,
557.1556
,
557.78748
,
558.42304
,
559.06228
,
559.7051733
,
560.3517467
,
561.0019733
,
561.65588
,
562.31348
,
562.9747067
,
563.63964
],