{
	"LineWidth":10.0,
	"Time": [
		1.380,
		1.390,
		1.400,
		1.410,
		1.420,
		1.430,
		1.440,
		1.450,
		1.460,
		1.470,
		1.480,
		1.490,
		1.500,
		1.510,
		1.520,
		1.530,
		1.540,
		1.550,
		1.560,
		1.570,
		1.580,
		1.590,
		1.600,
		1.610,
		1.620,
		1.630,
		1.640,
		1.650,
		1.660,
		1.670,
		1.680,
		1.690,
		1.700,
		1.710,
		1.720,
		1.730,
		1.740,
		1.750,
		1.760,
		1.770,
		1.780,
		1.790,
		1.800,
		1.810,
		1.820,
		1.830,
		1.840,
		1.850,
		1.860,
		1.870,
		1.880,
		1.930,
		1.980,
		2.030,
		2.080,
		2.130,
		2.180,
		2.230,
		2.280,
		2.330,
		2.380,
		2.430,
		2.480,
		2.530,
		2.580,
		2.630,
		2.680,
		2.730,
		2.780,
		2.830,
		2.880,
		2.930,
		2.980,
		3.030,
		3.080,
		3.130,
		3.180,
		3.230,
		3.280,
		3.330,
		3.380,
		3.430,
		3.480,
		3.530,
		3.580,
		3.630,
		3.680,
		3.730,
		3.780,
		3.830,
		3.910,
		3.990,
		4.070,
		4.150,
		4.230,
		4.310,
		4.390,
		4.470,
		4.550,
		4.630,
		4.710,
		4.790,
		4.870,
		4.950,
		5.030,
		5.110,
		5.190,
		5.270,
		5.350,
		5.430,
		5.510,
		5.590,
		5.670,
		5.750,
		5.830
	],
		"X": [
		0.04943700,
0.09169700,
0.13514700,
0.17978600,
0.22561400,
0.27263200,
0.32083800,
0.37023400,
0.42082000,
0.47259500,
0.52555900,
0.57971200,
0.63505400,
0.69158600,
0.74930800,
0.80821800,
0.86831800,
0.92960700,
0.99208600,
1.05575300,
1.12061000,
1.18665700,
1.25389300,
1.32231800,
1.39193200,
1.46273600,
1.53472800,
1.60791100,
1.68228200,
1.75784300,
1.83459300,
1.91253300,
1.99166100,
2.07197900,
2.15348700,
2.23618300,
2.32006900,
2.40514400,
2.49140900,
2.57886300,
2.66750600,
2.75733900,
2.84836100,
2.94057100,
3.03397200,
3.12856100,
3.22434100,
3.32130900,
3.41946600,
3.51881400,
3.61935000,
3.72107500,
3.82399000,
3.92809400,
4.03338800,
4.13987100,
4.24754200,
4.35640400,
4.46645500,
4.57769400,
4.69012400,
4.80374200,
4.91855000,
5.03454800,
5.15173400,
5.27011000,
5.38967500,
5.51042900,
5.63237300,
5.75550700,
5.87982800,
6.00534100,
6.13204100,
6.25993200,
6.38901100,
6.51928000,
6.65073800,
6.78338500,
6.91722200,
7.05224800,
7.18846400,
7.32586900,
7.46446200,
7.60424600,
7.74521800,
7.88738100,
8.03073200,
8.17527200,
8.32100200,
8.46792100,
8.61603000,
8.76532700,
8.91581400,
9.06749200,
9.22035700,
9.37441200,
9.52965500,
9.68609000,
9.84371200,
10.00252500,
10.16252600,
10.32371700,
10.48609700,
10.64966700,
10.81442500,
10.98037300,
11.14751100,
11.31583800,
11.48535300,
11.65605900,
11.82795300,
12.00103800,
12.17531000,
12.35077300,
12.52742400
	],
	"Y": [
		0.39893400,
0.83957800,
1.28856200,
1.74547400,
2.20990000,
2.68142500,
3.15963500,
3.64411200,
4.13444000,
4.63020300,
5.13098100,
5.63635700,
6.14591000,
6.65921900,
7.17586500,
7.69542500,
8.21747400,
8.74159200,
9.26735700,
9.79433700,
10.32211200,
10.85025500,
11.37833700,
11.90593100,
12.43261100,
12.95794300,
13.48150300,
14.00285400,
14.52156800,
15.03721300,
15.54935600,
16.05756400,
16.56139800,
17.06043100,
17.55421600,
18.04232600,
18.52432300,
18.99976300,
19.46821200,
19.92922800,
20.38237400,
20.82720400,
21.26327900,
21.69015700,
22.10739300,
22.51454700,
22.91117300,
23.29681800,
23.67104500,
24.03340300,
24.38344400,
24.72072600,
25.04479000,
25.35519400,
25.65147800,
25.93320500,
26.19990700,
26.45114300,
26.68645300,
26.90538800,
27.10748500,
27.29229900,
27.45936800,
27.60823200,
27.73843600,
27.84952000,
27.94102100,
28.01249100,
28.06345600,
28.09346000,
28.10203700,
28.08873200,
28.05307600,
27.99459600,
27.91284900,
27.80734600,
27.67762800,
27.52323500,
27.34368100,
27.13851500,
26.90726500,
26.64945000,
26.36460500,
26.05225800,
25.71193300,
25.34315900,
24.94547300,
24.51837300,
24.06141100,
23.57409300,
23.05594800,
22.50650000,
21.92527200,
21.31177900,
20.66553300,
19.98606500,
19.27290000,
18.52554300,
17.74351300,
16.92633600,
16.07352100,
15.18457400,
14.25901500,
13.29636500,
12.29612700,
11.25782000,
10.18094100,
9.06501100,
7.90954200,
6.71403300,
5.47801400,
4.20097600,
2.88241100,
1.52185300,
0.11880700
	],
	"Z": [
	1.0,
2.0,
3.0,
4.0,
5.0,
6.0,
7.0,
8.0,
9.0,
10.0,
11.0,
12.0,
13.0,
14.0,
15.0,
16.0,
17.0,
18.0,
19.0,
20.0,
21.0,
22.0,
23.0,
24.0,
25.0,
26.0,
27.0,
28.0,
29.0,
30.0,
31.0,
32.0,
33.0,
34.0,
35.0,
36.0,
37.0,
38.0,
39.0,
40.0,
41.0,
42.0,
43.0,
44.0,
45.0,
46.0,
47.0,
48.0,
49.0,
50.0,
51.0,
52.0,
53.0,
54.0,
55.0,
56.0,
57.0,
58.0,
59.0,
60.0,
61.0,
62.0,
63.0,
64.0,
65.0,
66.0,
67.0,
68.0,
69.0,
70.0,
71.0,
72.0,
73.0,
74.0,
75.0,
76.0,
77.0,
78.0,
79.0,
80.0,
81.0,
82.0,
83.0,
84.0,
85.0,
86.0,
87.0,
88.0,
89.0,
90.0,
91.0,
92.0,
93.0,
94.0,
95.0,
96.0,
97.0,
98.0,
99.0,
100.0,
101.0,
102.0,
103.0,
104.0,
105.0,
106.0,
107.0,
108.0,
109.0,
110.0,
111.0,
112.0,
113.0,
114.0,
115.0
	]
}
	
